<mvc:View controllerName="sap.m.sample.DialogConfirm.C" xmlns:l="sap.ui.layout" xmlns:form="sap.ui.layout.form" xmlns:mvc="sap.ui.core.mvc"
	xmlns:f="sap.f" xmlns:html="http://www.w3.org/1999/xhtml" xmlns="sap.m">
	<l:VerticalLayout class="sapUiContentPadding" width="100%">
		<l:content></l:content>
	</l:VerticalLayout>
	<!--<form:SimpleForm editable="true">-->
	<!--	<Label text="ValueLiveUpdate"/>-->
	<!--	<Switch state="{/ValueLiveUpdate}"/>-->
	<!--	<Label text="Type here"/>-->
	<!--	<TextArea id="TypeHere" value="{/InputValue}" valueLiveUpdate="{/ValueLiveUpdate}" liveChange="handleLiveChange"/>-->
	<!--	<Label text="input.getValue()"/>-->
	<!--	<Text id="getValue" text=" "/>-->
	<!--	<Label text="model.getProperty()"/>-->
	<!--	<Text id="getProperty" text="{/InputValue}"/></form:SimpleForm>-->
	<l:VerticalLayout width="100%" class="gridWrapper">
		<l:Grid containerQuery="true">
			<html:div class="exampleDiv"><Button text="Enter Class Name" width="250px" press="onClassNameDialog" class="sapUiSmallMarginBottom"/></html:div>
			<html:div class="exampleDiv"><Button text="Enter Attribute Name (you can use this multiple times)" width="550px" press="onAddAttibuteDialog"
				class="sapUiSmallMarginBottom"/></html:div>
		</l:Grid>
	</l:VerticalLayout>
	<l:VerticalLayout width="100%" class="gridWrapper">
		<l:Grid containerQuery="true">
			<html:div class="exampleDiv">
				<Button text="Generate Coding Constructor Pattern" width="250px" press="onGenerateCodingDialog" class="sapUiSmallMarginBottom"/>
				<Button text="Generate Coding Prototype Pattern" width="250px" press="onGeneratePrototypeCodingDialog" class="sapUiSmallMarginBottom"/>
			</html:div>
		</l:Grid>
	</l:VerticalLayout>
	<l:VerticalLayout width="100%" class="gridWrapper">
		<l:Grid containerQuery="true">
			<html:div class="exampleDiv"><TextArea id="textAreaContent" value="" rows="15" cols="80"/></html:div>
			<html:div class="exampleDiv"><TextArea id="textAreaGeneratedCoding" value="" rows="15" cols="120"/></html:div>
			<html:div class="exampleDiv"><TextArea id="textAreaGeneratedPrototypeCoding" value="" rows="15" cols="120"/></html:div>
		</l:Grid>
	</l:VerticalLayout>
</mvc:View>